1249fb,127.0.0.1,GET,http://wolbodo.zaphod/async/dashboardnews,1452438514,b49db0
72b38a,127.0.0.1,GET,http://wolbodo.zaphod/async/latestactivity,1452438514,b49db0
b49db0,127.0.0.1,GET,http://wolbodo.zaphod/bolt,1452438514,
29990c,127.0.0.1,GET,http://wolbodo.zaphod/bolt/prefill?force=1,1452438534,
c9da5f,127.0.0.1,GET,http://wolbodo.zaphod/bolt/prefill,1452438534,
2b1786,127.0.0.1,GET,http://wolbodo.zaphod/async/dashboardnews,1452438546,b197d3
2c3a74,127.0.0.1,GET,http://wolbodo.zaphod/async/latestactivity,1452438546,b197d3
b197d3,127.0.0.1,GET,http://wolbodo.zaphod/bolt,1452438546,
48749d,127.0.0.1,GET,http://wolbodo.zaphod/,1452438551,
c3af00,127.0.0.1,GET,http://wolbodo.zaphod/,1452438566,
58094d,127.0.0.1,GET,http://wolbodo.zaphod/async/latestactivity,1452438577,
8fe0b9,127.0.0.1,GET,http://wolbodo.zaphod/,1452438581,
2b2f38,127.0.0.1,GET,http://wolbodo.zaphod/async/latestactivity,1452438608,
6a7ab9,127.0.0.1,GET,http://wolbodo.zaphod/async/latestactivity,1452438638,
254ff2,127.0.0.1,GET,http://wolbodo.zaphod/async/latestactivity,1452438668,
ec1b6f,127.0.0.1,GET,http://wolbodo.zaphod/async/latestactivity,1452438698,
4715a4,127.0.0.1,GET,http://wolbodo.zaphod/async/latestactivity,1452438729,
2c7514,127.0.0.1,GET,http://wolbodo.zaphod/async/latestactivity,1452438759,
9bfaea,127.0.0.1,GET,http://wolbodo.zaphod/async/latestactivity,1452438789,
63dbfe,127.0.0.1,GET,http://wolbodo.zaphod/async/latestactivity,1452438819,
4869d4,127.0.0.1,GET,http://wolbodo.zaphod/entry/an-eiusdem-modi,1452438823,
ac67a6,127.0.0.1,GET,http://wolbodo.zaphod/pages,1452438825,
b943db,127.0.0.1,GET,http://wolbodo.zaphod/,1452438830,
fdb8cf,127.0.0.1,GET,http://wolbodo.zaphod/async/lastmodified/pages,1452438837,c0fa0b
75c89f,127.0.0.1,GET,http://wolbodo.zaphod/async/showstack?items=10,1452438837,c0fa0b
c0fa0b,127.0.0.1,GET,http://wolbodo.zaphod/bolt/editcontent/pages/5,1452438837,
8be3f6,127.0.0.1,POST,http://wolbodo.zaphod/upload?handler=,1452438844,
4abf32,127.0.0.1,GET,http://wolbodo.zaphod/async/addstack/2016-01/git-icon-black.png,1452438844,
7713c8,127.0.0.1,GET,http://wolbodo.zaphod/,1452438947,
4bf246,127.0.0.1,GET,http://wolbodo.zaphod/async/browse/files?key=image,1452438989,
48bc0b,127.0.0.1,GET,http://wolbodo.zaphod/async/browse/files?key=image,1452439060,
0e701e,127.0.0.1,GET,http://wolbodo.zaphod/async/latestactivity,1452439187,71ab81
71ab81,127.0.0.1,GET,http://wolbodo.zaphod/bolt/users,1452439187,
a512e8,127.0.0.1,GET,http://wolbodo.zaphod/async/lastmodified/pages,1452439195,19dc26
4fb56f,127.0.0.1,GET,http://wolbodo.zaphod/async/showstack?items=10,1452439195,19dc26
19dc26,127.0.0.1,GET,http://wolbodo.zaphod/bolt/editcontent/pages/5,1452439195,
211cc8,127.0.0.1,GET,http://wolbodo.zaphod/async/lastmodified/pages,1452439213,6b8b3b
ab09b4,127.0.0.1,GET,http://wolbodo.zaphod/async/showstack?items=10,1452439213,6b8b3b
6b8b3b,127.0.0.1,GET,http://wolbodo.zaphod/bolt/editcontent/pages/5,1452439213,
5cfec6,127.0.0.1,GET,http://wolbodo.zaphod/async/browse/files?key=image,1452439215,
a80ac6,127.0.0.1,POST,http://wolbodo.zaphod/preview/page,1452439222,
0aaf53,127.0.0.1,POST,http://wolbodo.zaphod/preview/page,1452439238,
c8ad0e,127.0.0.1,POST,http://wolbodo.zaphod/preview/page,1452439239,
0eb1d5,127.0.0.1,GET,http://wolbodo.zaphod/async/browse/files?key=image,1452439241,
85aa58,127.0.0.1,POST,http://wolbodo.zaphod/bolt/editcontent/pages/5?returnto=ajax,1452439245,
82ea79,127.0.0.1,POST,http://wolbodo.zaphod/preview/page,1452439250,
2e90b6,127.0.0.1,GET,http://wolbodo.zaphod/async/latestactivity,1452439800,5cc600
5cc600,127.0.0.1,GET,http://wolbodo.zaphod/bolt/users,1452439800,
8ff887,127.0.0.1,GET,http://wolbodo.zaphod/bolt/file/edit/config/config.yml,1452439803,
5f52e1,127.0.0.1,GET,http://wolbodo.zaphod/async/dashboardnews,1452439812,c4b743
7af0c2,127.0.0.1,GET,http://wolbodo.zaphod/async/showstack?items=10,1452439812,c4b743
37e4d7,127.0.0.1,GET,http://wolbodo.zaphod/async/latestactivity,1452439812,c4b743
c4b743,127.0.0.1,GET,http://wolbodo.zaphod/bolt,1452439812,
35ba12,127.0.0.1,GET,http://wolbodo.zaphod/async/dashboardnews,1452439815,13ee5a
fd984c,127.0.0.1,GET,http://wolbodo.zaphod/async/showstack?items=10,1452439815,13ee5a
fa0238,127.0.0.1,GET,http://wolbodo.zaphod/async/latestactivity,1452439815,13ee5a
13ee5a,127.0.0.1,GET,http://wolbodo.zaphod/bolt,1452439815,
e2f6e9,127.0.0.1,GET,http://wolbodo.zaphod/bolt/file/edit/config/config.yml,1452439824,
8952b8,127.0.0.1,POST,http://wolbodo.zaphod/bolt/file/edit/config/config.yml?returnto=ajax,1452439978,
4cb519,127.0.0.1,GET,http://wolbodo.zaphod/preview/page,1452439984,
f895d3,127.0.0.1,GET,http://wolbodo.zaphod/,1452439987,
a0bd99,127.0.0.1,POST,http://wolbodo.zaphod/bolt/file/edit/config/config.yml?returnto=ajax,1452440822,
4d5962,127.0.0.1,GET,http://wolbodo.zaphod/,1452440825,
1bad98,127.0.0.1,GET,http://wolbodo.zaphod/,1452441094,
e7ccba,127.0.0.1,GET,http://wolbodo.zaphod/,1452441137,
4af126,127.0.0.1,GET,http://wolbodo.zaphod/,1452441141,
41bc47,127.0.0.1,GET,http://wolbodo.zaphod/,1452441160,
c4d7d8,127.0.0.1,GET,http://wolbodo.zaphod/,1452441196,
e81750,127.0.0.1,GET,http://wolbodo.zaphod/,1452441409,
250090,127.0.0.1,GET,http://wolbodo.zaphod/,1452441948,
57e2d4,127.0.0.1,GET,http://wolbodo.zaphod/,1452442277,
19b46e,127.0.0.1,GET,http://wolbodo.zaphod/,1452443326,
b37a76,127.0.0.1,GET,http://wolbodo.zaphod/,1452444290,
84eda7,127.0.0.1,GET,http://wolbodo.zaphod/,1452444292,
976510,127.0.0.1,GET,http://wolbodo.zaphod/,1452444293,
de8f08,127.0.0.1,GET,http://wolbodo.zaphod/,1452444293,
dc0ecb,127.0.0.1,GET,http://wolbodo.zaphod/,1452444294,
5c6313,127.0.0.1,GET,http://wolbodo.zaphod/,1452444295,
1d695f,127.0.0.1,GET,http://wolbodo.zaphod/,1452444296,
4ad701,127.0.0.1,GET,http://wolbodo.zaphod/,1452444297,
6d1e4d,127.0.0.1,GET,http://wolbodo.zaphod/,1452444297,
73eba2,127.0.0.1,GET,http://wolbodo.zaphod/,1452444298,
ac01a5,127.0.0.1,GET,http://wolbodo.zaphod/,1452444299,
e02bb3,127.0.0.1,GET,http://wolbodo.zaphod/,1452444532,
405ee7,127.0.0.1,GET,http://wolbodo.zaphod/,1452444536,
45171e,127.0.0.1,GET,http://wolbodo.zaphod/,1452445507,
a12a0a,127.0.0.1,GET,http://wolbodo.zaphod/,1452445525,
85c28e,127.0.0.1,GET,http://wolbodo.zaphod/,1452445690,
6ad80e,127.0.0.1,GET,http://wolbodo.zaphod/,1452445824,
88b7a1,127.0.0.1,GET,http://wolbodo.zaphod/,1452445825,
56a130,127.0.0.1,GET,http://wolbodo.zaphod/,1452445826,
20cdac,127.0.0.1,GET,http://wolbodo.zaphod/,1452445989,
712da5,127.0.0.1,GET,http://wolbodo.zaphod/,1452445991,
400b56,127.0.0.1,GET,http://wolbodo.zaphod/,1452446048,
d88cd2,127.0.0.1,GET,http://wolbodo.zaphod/,1452446049,
831764,127.0.0.1,GET,http://wolbodo.zaphod/,1452446629,
b4c8c1,127.0.0.1,GET,http://wolbodo.zaphod/,1452446654,
1702fd,127.0.0.1,GET,http://wolbodo.zaphod/entry/quorum-altera-prosunt-nocent-altera,1452446742,
bae7f9,127.0.0.1,GET,http://wolbodo.zaphod/entry/quorum-altera-prosunt-nocent-altera,1452446824,
2764ea,127.0.0.1,GET,http://wolbodo.zaphod/,1452446830,
7a1c1b,127.0.0.1,GET,http://wolbodo.zaphod/entry/cur-post-tarentum-ad-archytam,1452446836,
5399d5,127.0.0.1,GET,http://wolbodo.zaphod/,1452446838,
5dd815,127.0.0.1,GET,http://wolbodo.zaphod/entry/quorum-altera-prosunt-nocent-altera,1452446844,
d4db8e,127.0.0.1,GET,http://wolbodo.zaphod/page/facete-m,1452446850,
028d07,127.0.0.1,GET,http://wolbodo.zaphod/page/facete-m,1452446871,
617efd,127.0.0.1,GET,http://wolbodo.zaphod/,1452447397,
43841d,127.0.0.1,GET,http://wolbodo.zaphod/entry/quorum-altera-prosunt-nocent-altera,1452447464,
2b3c7a,127.0.0.1,GET,http://wolbodo.zaphod/,1452453075,
c02b28,127.0.0.1,GET,http://wolbodo.zaphod/entry/quorum-altera-prosunt-nocent-altera,1452453369,
965e34,127.0.0.1,GET,http://wolbodo.zaphod/entry/quorum-altera-prosunt-nocent-altera,1452453380,
31e82c,127.0.0.1,GET,http://wolbodo.zaphod/entry/quorum-altera-prosunt-nocent-altera,1452453381,
6ac3d5,127.0.0.1,GET,http://wolbodo.zaphod/entry/quorum-altera-prosunt-nocent-altera,1452453384,
a0fa6f,127.0.0.1,GET,http://wolbodo.zaphod/entry/quorum-altera-prosunt-nocent-altera,1452453386,
99c873,127.0.0.1,GET,http://wolbodo.zaphod/entry/quorum-altera-prosunt-nocent-altera,1452453401,
558850,127.0.0.1,GET,http://wolbodo.zaphod/entry/quorum-altera-prosunt-nocent-altera,1452453416,
80e75f,127.0.0.1,GET,http://wolbodo.zaphod/entry/quorum-altera-prosunt-nocent-altera,1452453417,
9b3437,127.0.0.1,GET,http://wolbodo.zaphod/entry/quorum-altera-prosunt-nocent-altera,1452453516,
1955e1,127.0.0.1,GET,http://wolbodo.zaphod/entry/quorum-altera-prosunt-nocent-altera,1452453782,
5b6f30,127.0.0.1,GET,http://wolbodo.zaphod/entry/quorum-altera-prosunt-nocent-altera,1452453789,
f1ced0,127.0.0.1,GET,http://wolbodo.zaphod/entry/quorum-altera-prosunt-nocent-altera,1452453791,
8142b2,127.0.0.1,GET,http://wolbodo.zaphod/entry/quorum-altera-prosunt-nocent-altera,1452453793,
bd48e0,127.0.0.1,GET,http://wolbodo.zaphod/entry/quorum-altera-prosunt-nocent-altera,1452454002,
7d75cd,127.0.0.1,GET,http://wolbodo.zaphod/entry/quorum-altera-prosunt-nocent-altera,1452454214,
319ca7,127.0.0.1,GET,http://wolbodo.zaphod/entry/quorum-altera-prosunt-nocent-altera,1452454216,
2ff57a,127.0.0.1,GET,http://wolbodo.zaphod/entry/quorum-altera-prosunt-nocent-altera,1452454494,
463a60,127.0.0.1,GET,http://wolbodo.zaphod/entry/quorum-altera-prosunt-nocent-altera,1452454569,
03c538,127.0.0.1,GET,http://wolbodo.zaphod/,1452454632,
fb6806,127.0.0.1,GET,http://wolbodo.zaphod/,1452454634,
aaeb54,127.0.0.1,GET,http://wolbodo.zaphod/pages,1452454636,
f7a0a3,127.0.0.1,GET,http://wolbodo.zaphod/admin,1452454692,
34b6cc,127.0.0.1,GET,http://wolbodo.zaphod/entry/quorum-altera-prosunt-nocent-altera,1452454698,
df054a,127.0.0.1,GET,http://wolbodo.zaphod/pages,1452454710,
4163df,127.0.0.1,GET,http://wolbodo.zaphod/async/latestactivity,1452454744,342bcf
342bcf,127.0.0.1,GET,http://wolbodo.zaphod/bolt/users,1452454744,
3d95bb,127.0.0.1,GET,http://wolbodo.zaphod/async/dashboardnews,1452454748,d1bfc0
6c1fda,127.0.0.1,GET,http://wolbodo.zaphod/async/showstack?items=10,1452454748,d1bfc0
1ae919,127.0.0.1,GET,http://wolbodo.zaphod/async/latestactivity,1452454748,d1bfc0
d1bfc0,127.0.0.1,GET,http://wolbodo.zaphod/bolt,1452454748,
9b88fc,127.0.0.1,GET,http://wolbodo.zaphod/bolt/file/edit/config/menu.yml,1452454758,
7d78fa,127.0.0.1,POST,http://wolbodo.zaphod/bolt/file/edit/config/menu.yml?returnto=ajax,1452454764,
8f7f26,127.0.0.1,GET,http://wolbodo.zaphod/pages,1452454776,
5bdb82,127.0.0.1,GET,http://wolbodo.zaphod/,1452454778,
9ac76b,127.0.0.1,GET,http://wolbodo.zaphod/entry/quorum-altera-prosunt-nocent-altera,1452454779,
e840c4,127.0.0.1,GET,http://wolbodo.zaphod/pages,1452454780,
55e3b7,127.0.0.1,POST,http://wolbodo.zaphod/bolt/file/edit/config/menu.yml?returnto=ajax,1452454850,
666bdf,127.0.0.1,GET,http://wolbodo.zaphod/pages,1452454853,
ebf629,127.0.0.1,GET,http://wolbodo.zaphod/contact,1452454855,
7f24a2,127.0.0.1,GET,http://wolbodo.zaphod/zaalverhuur,1452454857,
76c4a7,127.0.0.1,GET,http://wolbodo.zaphod/entry/quorum-altera-prosunt-nocent-altera,1452454858,
0c6304,127.0.0.1,GET,http://wolbodo.zaphod/,1452454860,
d0d1c2,127.0.0.1,GET,http://wolbodo.zaphod/page/facete-m,1452454862,
7c3d79,127.0.0.1,GET,http://wolbodo.zaphod/page/quod-cum-dixissent-ille-contra,1452454863,
84be3d,127.0.0.1,GET,http://wolbodo.zaphod/page/quid-ergo,1452454863,
452126,127.0.0.1,GET,http://wolbodo.zaphod/,1452456080,
7ee2ce,127.0.0.1,GET,http://wolbodo.zaphod/,1452456130,
4e273e,127.0.0.1,GET,http://wolbodo.zaphod/,1452456141,
22c076,127.0.0.1,GET,http://wolbodo.zaphod/,1452456154,
6f7502,127.0.0.1,GET,http://wolbodo.zaphod/,1452456168,
51f402,127.0.0.1,GET,http://wolbodo.zaphod/entry/quorum-altera-prosunt-nocent-altera,1452456178,
c65af6,127.0.0.1,GET,http://wolbodo.zaphod/entry/quorum-altera-prosunt-nocent-altera,1452456551,
22031b,127.0.0.1,GET,http://wolbodo.zaphod/entry/quorum-altera-prosunt-nocent-altera,1452456575,
93fe23,127.0.0.1,GET,http://wolbodo.zaphod/entry/quorum-altera-prosunt-nocent-altera,1452456655,
533c3a,127.0.0.1,GET,http://wolbodo.zaphod/pages,1452456657,
1d63b3,127.0.0.1,GET,http://wolbodo.zaphod/zaalverhuur,1452456659,
0bb2ed,127.0.0.1,GET,http://wolbodo.zaphod/,1452456662,
fcd2e8,127.0.0.1,GET,http://wolbodo.zaphod/entry/quorum-altera-prosunt-nocent-altera,1452456664,
b8dd20,127.0.0.1,GET,http://wolbodo.zaphod/,1452456665,
c563d4,127.0.0.1,GET,http://wolbodo.zaphod/,1452456666,
bedb00,127.0.0.1,GET,http://wolbodo.zaphod/,1452456667,
d864af,127.0.0.1,GET,http://wolbodo.zaphod/,1452456668,
1f5716,127.0.0.1,GET,http://wolbodo.zaphod/,1452456668,
70c2a4,127.0.0.1,GET,http://wolbodo.zaphod/,1452456669,
5ec3d5,127.0.0.1,GET,http://wolbodo.zaphod/,1452456670,
5383a6,127.0.0.1,GET,http://wolbodo.zaphod/page/facete-m,1452456785,
04465b,127.0.0.1,GET,http://wolbodo.zaphod/entry/quorum-altera-prosunt-nocent-altera,1452456819,
108f2a,127.0.0.1,GET,http://wolbodo.zaphod/pages,1452456820,
8f78a8,127.0.0.1,GET,http://wolbodo.zaphod/zaalverhuur,1452456820,
cf1b80,127.0.0.1,GET,http://wolbodo.zaphod/contact,1452456824,
d8eaee,127.0.0.1,GET,http://wolbodo.zaphod/,1452456854,
3b3b1f,127.0.0.1,GET,http://wolbodo.zaphod/,1452456857,
33bb03,127.0.0.1,GET,http://wolbodo.zaphod/,1452456901,
04bd84,127.0.0.1,GET,http://wolbodo.zaphod/,1452456917,
ab6983,127.0.0.1,GET,http://wolbodo.zaphod/,1452456934,
0c219a,127.0.0.1,GET,http://wolbodo.zaphod/,1452456935,
4d893c,127.0.0.1,GET,http://wolbodo.zaphod/,1452456945,
a256f7,127.0.0.1,GET,http://wolbodo.zaphod/,1452456948,
765e15,127.0.0.1,GET,http://wolbodo.zaphod/,1452457024,
e79bd6,127.0.0.1,GET,http://wolbodo.zaphod/,1452457027,
5a5269,127.0.0.1,GET,http://wolbodo.zaphod/entry/quorum-altera-prosunt-nocent-altera,1452457056,
2b89e4,127.0.0.1,GET,http://wolbodo.zaphod/,1452457058,
8a31a2,127.0.0.1,GET,http://wolbodo.zaphod/entry/quorum-altera-prosunt-nocent-altera,1452457059,
63da3d,127.0.0.1,GET,http://wolbodo.zaphod/entry/quorum-altera-prosunt-nocent-altera,1452457079,
028570,127.0.0.1,GET,http://wolbodo.zaphod/,1452459347,
1ce3b2,127.0.0.1,GET,http://wolbodo.zaphod/entry/quorum-altera-prosunt-nocent-altera,1452459350,
2ab1d4,127.0.0.1,GET,http://wolbodo.zaphod/pages,1452459351,
197798,127.0.0.1,GET,http://wolbodo.zaphod/entry/quorum-altera-prosunt-nocent-altera,1452459352,
7112dd,127.0.0.1,GET,http://wolbodo.zaphod/,1452459354,
6f1acd,127.0.0.1,GET,http://wolbodo.zaphod/entry/quorum-altera-prosunt-nocent-altera,1452459355,
1da7e9,127.0.0.1,GET,http://wolbodo.zaphod/pages,1452459357,
63661f,127.0.0.1,GET,http://wolbodo.zaphod/entry/quorum-altera-prosunt-nocent-altera,1452459358,
718af6,127.0.0.1,GET,http://wolbodo.zaphod/,1452459358,
d3463c,127.0.0.1,GET,http://wolbodo.zaphod/pages,1452459359,
3cad5b,127.0.0.1,GET,http://wolbodo.zaphod/entry/quorum-altera-prosunt-nocent-altera,1452459360,
2c9da2,127.0.0.1,GET,http://wolbodo.zaphod/,1452459439,
c92eb0,127.0.0.1,GET,http://wolbodo.zaphod/entry/cur-post-tarentum-ad-archytam,1452459441,
b6632f,127.0.0.1,GET,http://wolbodo.zaphod/,1452459443,
d040cf,127.0.0.1,GET,http://wolbodo.zaphod/entry/an-eiusdem-modi,1452459445,
e73b0c,127.0.0.1,GET,http://wolbodo.zaphod/,1452459453,
f45e4e,127.0.0.1,GET,http://wolbodo.zaphod/async/dashboardnews,1452459466,2a6b59
575faa,127.0.0.1,GET,http://wolbodo.zaphod/async/showstack?items=10,1452459466,2a6b59
a0b71f,127.0.0.1,GET,http://wolbodo.zaphod/async/latestactivity,1452459466,2a6b59
2a6b59,127.0.0.1,GET,http://wolbodo.zaphod/bolt,1452459466,
817dbb,127.0.0.1,GET,http://wolbodo.zaphod/async/lastmodified/pages,1452459472,cd801d
cd801d,127.0.0.1,GET,http://wolbodo.zaphod/bolt/overview/pages,1452459472,
0108f8,127.0.0.1,GET,http://wolbodo.zaphod/async/lastmodified/showcases,1452459481,e4886e
e4886e,127.0.0.1,GET,http://wolbodo.zaphod/bolt/overview/showcases,1452459481,
3ec04d,127.0.0.1,GET,http://wolbodo.zaphod/async/lastmodified/showcases,1452459483,979100
979100,127.0.0.1,GET,http://wolbodo.zaphod/bolt/overview/showcases,1452459483,
f48671,127.0.0.1,GET,http://wolbodo.zaphod/async/lastmodified/pages,1452459485,e9f992
e9f992,127.0.0.1,GET,http://wolbodo.zaphod/bolt/overview/pages,1452459485,
5f2d9f,127.0.0.1,GET,http://wolbodo.zaphod/async/lastmodified/showcases,1452459487,62dd14
62dd14,127.0.0.1,GET,http://wolbodo.zaphod/bolt/overview/showcases,1452459487,
1a41de,127.0.0.1,GET,http://wolbodo.zaphod/async/latestactivity,1452459496,d1b303
d1b303,127.0.0.1,GET,http://wolbodo.zaphod/bolt/users,1452459496,
fb18a7,127.0.0.1,GET,http://wolbodo.zaphod/bolt/file/edit/config/routing.yml,1452459499,
45f0f7,127.0.0.1,GET,http://wolbodo.zaphod/bolt/files,1452459511,
